name,email,phone,department,year
John Doe,john.doe@example.com,1234567890,Computer Science,3rd
Jane Smith,jane.smith@example.com,987654321,Electronics,2nd
Robert Johnson,robert.j@example.com,1122334455,Mechanical,4th
Emily Davis,emily.d@example.com,2233445566,Civil,1st
Michael Wilson,michael.w@example.com,3344556677,Electrical,3rd
ELAVARASAN K,praveenraja786333@gmail.com,3344556678,Electrical,1st
SRINIVASH V,praveenraja786333@gmail.com,3344556679,Electrical,1st
GIRIE PRASANTH A,praveenraja786333@gmail.com,3344556680,Electrical,1st
GOWTHAM KUMAR V,praveenraja786333@gmail.com,3344556681,Electrical,1st
NIVAS B,praveenraja786333@gmail.com,3344556682,Electrical,1st
ABISHEK R,praveenraja786334@gmail.com,3344556683,Electrical,1st
SURYA PRAKASH R,praveenraja786335@gmail.com,3344556684,Electrical,1st
VELLAI DURAI G,praveenraja786336@gmail.com,3344556685,Electrical,1st
ARUNBALA K,praveenraja786337@gmail.com,3344556686,Electrical,1st
BARATH A,praveenraja786338@gmail.com,3344556687,Electrical,1st
SHEIK UMAR MOQTHAR J,praveenraja786339@gmail.com,3344556688,Electrical,1st
HARI R G,praveenraja786340@gmail.com,3344556689,Electrical,1st
SIVASAKTHI K,praveenraja786341@gmail.com,3344556690,Electrical,1st
DEENA DAYALAN V,praveenraja786342@gmail.com,3344556691,Electrical,1st
PRAVEEN KUMAR E,praveenraja786343@gmail.com,3344556692,Electrical,1st
SABHAREESWARAN M,praveenraja786344@gmail.com,3344556693,Electrical,1st
SANJITH KUMAR P,praveenraja786345@gmail.com,3344556694,Electrical,1st
KUMAR P,praveenraja786346@gmail.com,3344556695,Electrical,3rd
John Doe,praveenraja786333@gmail.com,3344556696,Electrical,3rd
Jane Smith,praveenraja786333@gmail.com,3344556697,Electrical,3rd
Robert Johnson,praveenraja786333@gmail.com,3344556698,Electrical,3rd
Emily Davis,praveenraja786333@gmail.com,3344556699,Electrical,3rd
Michael Wilson,praveenraja786333@gmail.com,3344556700,Electrical,3rd
ELAVARASAN K,praveenraja786334@gmail.com,3344556701,Electrical,3rd
SRINIVASH V,praveenraja786335@gmail.com,3344556702,Electrical,3rd
GIRIE PRASANTH A,praveenraja786336@gmail.com,3344556703,Electrical,3rd
GOWTHAM KUMAR V,praveenraja786337@gmail.com,3344556704,Electrical,3rd
NIVAS B,praveenraja786338@gmail.com,3344556705,Electrical,3rd
ABISHEK R,praveenraja786339@gmail.com,3344556706,Electrical,3rd
SURYA PRAKASH R,praveenraja786340@gmail.com,3344556707,Electrical,3rd
VELLAI DURAI G,praveenraja786341@gmail.com,3344556708,Electrical,3rd
ARUNBALA K,praveenraja786342@gmail.com,3344556709,Electrical,3rd
BARATH A,praveenraja786343@gmail.com,3344556710,Electrical,3rd
SHEIK UMAR MOQTHAR J,praveenraja786344@gmail.com,3344556711,Electrical,4th
HARI R G,praveenraja786345@gmail.com,3344556712,Electrical,4th
SIVASAKTHI K,praveenraja786346@gmail.com,3344556713,Electrical,4th
DEENA DAYALAN V,praveenraja786333@gmail.com,3344556714,Electrical,4th
PRAVEEN KUMAR E,praveenraja786333@gmail.com,3344556715,Electrical,4th
SABHAREESWARAN M,praveenraja786333@gmail.com,3344556716,Electrical,4th
SANJITH KUMAR P,praveenraja786333@gmail.com,3344556717,Electrical,4th
KUMAR P,praveenraja786333@gmail.com,3344556718,Electrical,4th
John Doe,praveenraja786334@gmail.com,3344556719,Electrical,4th
Jane Smith,praveenraja786335@gmail.com,3344556720,Electrical,4th
Robert Johnson,praveenraja786336@gmail.com,3344556721,Electrical,4th
Emily Davis,praveenraja786337@gmail.com,3344556722,Electrical,4th
Michael Wilson,praveenraja786338@gmail.com,3344556723,Electrical,4th
ELAVARASAN K,praveenraja786339@gmail.com,3344556724,Electrical,4th
SRINIVASH V,praveenraja786340@gmail.com,3344556725,Electrical,4th
GIRIE PRASANTH A,praveenraja786341@gmail.com,3344556726,Electrical,4th
GOWTHAM KUMAR V,praveenraja786342@gmail.com,3344556727,Electrical,4th
NIVAS B,praveenraja786343@gmail.com,3344556728,Electrical,4th
ABISHEK R,praveenraja786344@gmail.com,3344556729,Electrical,4th
SURYA PRAKASH R,praveenraja786345@gmail.com,3344556730,Electrical,4th
VELLAI DURAI G,praveenraja786346@gmail.com,3344556731,Electrical,4th
ARUNBALA K,praveenraja786333@gmail.com,3344556732,Electrical,4th
BARATH A,praveenraja786333@gmail.com,3344556733,Electrical,2nd
SHEIK UMAR MOQTHAR J,praveenraja786333@gmail.com,3344556734,Electrical,2nd
HARI R G,praveenraja786333@gmail.com,3344556735,Electrical,2nd
SIVASAKTHI K,praveenraja786333@gmail.com,3344556736,Electrical,2nd
DEENA DAYALAN V,praveenraja786334@gmail.com,3344556737,Electrical,2nd
PRAVEEN KUMAR E,praveenraja786335@gmail.com,3344556738,Electrical,2nd
SABHAREESWARAN M,praveenraja786336@gmail.com,3344556739,Electrical,2nd
SANJITH KUMAR P,praveenraja786337@gmail.com,3344556740,Electrical,2nd
KUMAR P,praveenraja786338@gmail.com,3344556741,Electrical,2nd
John Doe,praveenraja786339@gmail.com,3344556742,Electrical,2nd
Jane Smith,praveenraja786340@gmail.com,3344556743,Electrical,2nd
Robert Johnson,praveenraja786341@gmail.com,3344556744,Electrical,2nd
Emily Davis,praveenraja786342@gmail.com,3344556745,Electrical,2nd
Michael Wilson,praveenraja786343@gmail.com,3344556746,Electrical,2nd
ELAVARASAN K,praveenraja786344@gmail.com,3344556747,Electrical,2nd
SRINIVASH V,praveenraja786345@gmail.com,3344556748,Electrical,2nd
GIRIE PRASANTH A,praveenraja786346@gmail.com,3344556749,Electrical,2nd
GOWTHAM KUMAR V,praveenraja786333@gmail.com,3344556750,Electrical,2nd
NIVAS B,praveenraja786333@gmail.com,3344556751,Electrical,2nd
ABISHEK R,praveenraja786333@gmail.com,3344556752,Electrical,2nd
SURYA PRAKASH R,praveenraja786333@gmail.com,3344556753,Electrical,2nd
VELLAI DURAI G,praveenraja786333@gmail.com,3344556754,Electrical,2nd
ARUNBALA K,praveenraja786334@gmail.com,3344556755,Electrical,2nd
BARATH A,praveenraja786335@gmail.com,3344556756,Electrical,2nd
SHEIK UMAR MOQTHAR J,praveenraja786336@gmail.com,3344556757,Electrical,2nd
HARI R G,praveenraja786337@gmail.com,3344556758,Electrical,2nd
SIVASAKTHI K,praveenraja786338@gmail.com,3344556759,Electrical,2nd
DEENA DAYALAN V,praveenraja786339@gmail.com,3344556760,Electrical,2nd
PRAVEEN KUMAR E,praveenraja786340@gmail.com,3344556761,Electrical,2nd
SABHAREESWARAN M,praveenraja786341@gmail.com,3344556762,Electrical,2nd
SANJITH KUMAR P,praveenraja786342@gmail.com,3344556763,Electrical,2nd
KUMAR P,praveenraja786343@gmail.com,3344556764,Electrical,2nd
GOWTHAM KUMAR V,praveenraja786344@gmail.com,3344556765,Electrical,2nd
NIVAS B,praveenraja786345@gmail.com,3344556766,Electrical,2nd
ABISHEK R,praveenraja786346@gmail.com,3344556767,Electrical,2nd
SURYA PRAKASH R,praveenraja786333@gmail.com,3344556768,Electrical,2nd
VELLAI DURAI G,praveenraja786333@gmail.com,3344556769,Electrical,2nd
ARUNBALA K,praveenraja786333@gmail.com,3344556770,Electrical,2nd
BARATH A,praveenraja786333@gmail.com,3344556771,Electrical,2nd
SHEIK UMAR MOQTHAR J,praveenraja786333@gmail.com,3344556772,Electrical,2nd
HARI R G,praveenraja786334@gmail.com,3344556773,Electrical,2nd
SIVASAKTHI K,praveenraja786335@gmail.com,3344556774,Electrical,2nd
DEENA DAYALAN V,praveenraja786336@gmail.com,3344556775,Electrical,2nd
PRAVEEN KUMAR E,praveenraja786337@gmail.com,3344556776,Electrical,2nd
SABHAREESWARAN M,praveenraja786338@gmail.com,3344556777,Electrical,2nd
SANJITH KUMAR P,praveenraja786339@gmail.com,3344556778,Electrical,2nd
KUMAR P,praveenraja786340@gmail.com,3344556779,Electrical,2nd
SHEIK UMAR MOQTHAR J,praveenraja786341@gmail.com,3344556780,Electrical,2nd
HARI R G,praveenraja786342@gmail.com,3344556781,Electrical,2nd
SIVASAKTHI K,praveenraja786343@gmail.com,3344556782,Electrical,2nd
DEENA DAYALAN V,praveenraja786344@gmail.com,3344556783,Electrical,2nd
PRAVEEN KUMAR E,praveenraja786345@gmail.com,3344556784,Electrical,2nd
SABHAREESWARAN M,praveenraja786346@gmail.com,3344556785,Electrical,2nd
,,,,
,,,,
